id_usuario,nome,email,id_plano
1,Alexia Silva,julia50@example.com,2
2,Laura da Cruz,jpeixoto@example.com,3
3,Daniel Rezende,sophiamontenegro@example.com,2
4,Enzo Dias,renan09@example.com,1
5,Bryan Jesus,nunesluiz-otavio@example.net,1
6,Enzo Gabriel Barros,ecorreia@example.com,3
7,Maria Julia Costela,luizaribeiro@example.com,1
8,Dra. Eloá Cirino,dfreitas@example.org,1
9,Hellena Rios,heitorrocha@example.net,2
10,Sra. Heloísa Andrade,ester93@example.net,2
11,Henry Rocha,rdas-neves@example.com,2
12,Bianca Nogueira,bcavalcante@example.net,2
13,Alexia da Cunha,mrodrigues@example.net,3
14,Stella Vieira,carolinada-conceicao@example.com,1
15,Sr. Bruno Aragão,mariahpastor@example.com,3
16,Sr. Dante Borges,rafaelmoreira@example.com,1
17,Dr. Alexandre Pires,novaismariane@example.org,2
18,Yan Gomes,ribeirohellena@example.net,1
19,Luiz Otávio Leão,wborges@example.org,3
20,Alice da Cruz,marquesmariana@example.com,1
21,Isabela Souza,mariah56@example.com,3
22,Valentina Lima,alana90@example.org,2
23,Alana Dias,andradenicole@example.org,3
24,Srta. Heloísa Ramos,maria-julianovaes@example.net,1
25,Alícia Cirino,frios@example.com,2
26,Kaique Vieira,joao-miguel71@example.net,1
27,Thales Fogaça,joao-lucas52@example.net,3
28,Ana Liz Mendonça,hadassa63@example.org,1
29,Bruno Silveira,wlopes@example.com,1
30,Dr. Dom Castro,pedro-lucasnovaes@example.org,1
31,Thales Pastor,pedro-lucas88@example.org,2
32,Maria Eduarda Guerra,vinicius97@example.org,2
33,Marcela Nogueira,danielasiqueira@example.org,2
34,Marcos Vinicius da Mota,davi-lucasteixeira@example.com,1
35,Alana Camargo,moraesleonardo@example.org,1
36,Lorena Silva,lopesotavio@example.org,1
37,Sr. Erick Pires,maria-sophiasantos@example.com,3
38,Sara Brito,ninaaparecida@example.net,2
39,João Guilherme da Costa,rramos@example.org,1
40,Luiz Felipe Cavalcanti,asafe99@example.net,1
41,Sofia Pacheco,liviarocha@example.org,2
42,Bruno Mendes,renanrocha@example.net,2
43,Gustavo Henrique Jesus,eduardamontenegro@example.net,3
44,Ravy Carvalho,freitasbenjamim@example.net,2
45,Aylla Nogueira,icastro@example.org,1
46,Anna Liz Aragão,gustavo-henriquedas-neves@example.com,2
47,Dra. Sophia das Neves,luiz-henrique27@example.org,1
48,Rebeca da Mata,kfonseca@example.net,2
49,Dra. Ana Liz Leão,leviguerra@example.com,1
50,Sophia da Luz,martinsjuan@example.net,3
51,Henry Gabriel Gonçalves,alana24@example.com,1
52,Luana da Paz,jesusravi-lucca@example.net,2
53,Kamilly Nascimento,bcassiano@example.org,2
54,Maria Luiza Vargas,britodavi-lucca@example.com,1
55,Brayan Caldeira,limaluiz-henrique@example.net,1
56,Dr. Vinícius Cavalcanti,almeidamaria-sophia@example.com,1
57,Maitê da Cunha,ogoncalves@example.org,2
58,Sophie Ferreira,uaparecida@example.org,1
59,Antônio Cirino,larissa85@example.net,2
60,Miguel Barros,cunhaian@example.com,2
61,Maria Cecília da Mota,efarias@example.org,2
62,Sara Ramos,dpimenta@example.org,3
63,Henrique Carvalho,lmontenegro@example.com,3
64,Vitor Hugo Costela,limaanthony-gabriel@example.org,3
65,Samuel Novaes,silveiraalexia@example.com,2
66,Josué Sales,pachecoisabella@example.org,2
67,Gustavo Viana,brayanleao@example.net,2
68,Henrique da Conceição,carvalhoeloah@example.com,2
69,Renan Rocha,davi-lucas46@example.net,1
70,Dr. Alexandre das Neves,martinsana-julia@example.org,1
71,Vinícius Câmara,silveiravalentim@example.net,3
72,Sra. Heloísa Machado,fernandavieira@example.org,1
73,Laís Gomes,diascalebe@example.org,1
74,Dr. Dom Câmara,omachado@example.org,2
75,Stephany Fonseca,peixotocecilia@example.org,2
76,Marina Leão,camargocarlos-eduardo@example.org,3
77,Maria Vitória Moura,ravy09@example.net,3
78,Mathias Vieira,caldeiranina@example.org,2
79,Maria Luiza Araújo,rebeca20@example.net,2
80,Dr. Breno das Neves,ipereira@example.org,3
81,Luiz Fernando das Neves,kaique80@example.com,2
82,Catarina Freitas,antonioda-paz@example.net,3
83,Evelyn Novais,danilo90@example.com,2
84,Isaque Teixeira,ana-carolinasilva@example.net,3
85,Mateus Marques,vda-rocha@example.com,3
86,Heloisa Vieira,giovannaduarte@example.com,1
87,Davi Luiz Alves,ana-cecilia72@example.org,3
88,Stephany Pires,carvalhostella@example.org,3
89,Vitória Sá,clara15@example.net,3
90,Sra. Maria Júlia Novais,rteixeira@example.net,2
91,Valentina Marques,portoluara@example.org,2
92,Danilo Siqueira,asafecostela@example.org,2
93,Maysa Moura,cunhaolivia@example.com,3
94,Henrique Andrade,pimentaluan@example.net,1
95,Henry Rios,efonseca@example.com,3
96,Cecilia Barbosa,carvalhopedro-lucas@example.org,3
97,Liam Barbosa,pramos@example.com,3
98,Raquel Moura,lavinia10@example.net,1
99,Davi Luiz Macedo,das-neveskevin@example.com,2
100,Vitória Cunha,luiza11@example.org,2
101,Davi Lucas Viana,vitor-gabriel18@example.com,2
102,Vitor Gabriel Martins,sousajoao-guilherme@example.com,2
103,Ana Liz Moura,vgarcia@example.net,3
104,João Gabriel Rodrigues,emillyfogaca@example.org,2
105,Ryan Rocha,sarahmendes@example.org,2
106,Maria Liz Santos,iborges@example.com,1
107,Bianca Camargo,ninacavalcanti@example.com,2
108,Ísis Almeida,giovannaborges@example.com,1
109,Stephany Siqueira,arthur-gabriel02@example.org,1
110,Thomas da Luz,vsilveira@example.net,2
111,Manuella Pastor,carolinemachado@example.net,3
112,Brenda Guerra,odas-neves@example.org,3
113,Sofia Teixeira,jesusnicolas@example.org,1
114,Srta. Cecilia Dias,kborges@example.com,1
115,Vitor Hugo Aparecida,maria-luisada-cunha@example.net,1
116,Lorenzo Caldeira,da-pazlara@example.org,3
117,Manuela Rios,lucas-gabriel77@example.org,3
118,Emanuelly Andrade,marquesjosue@example.org,2
119,Nina Macedo,ottocarvalho@example.com,3
120,Vinicius da Cunha,maria-helena53@example.net,1
121,Dra. Emanuella Casa Grande,novaisluiz-henrique@example.org,1
122,Dr. Thiago Pinto,kalmeida@example.com,3
123,José Miguel Macedo,correiaaurora@example.com,2
124,Ana Clara Rios,igorporto@example.com,2
125,Dr. Gustavo Rezende,raul50@example.com,1
126,Erick Araújo,isilveira@example.com,1
127,Manuela Ramos,manuelacampos@example.net,1
128,Dra. Joana Araújo,eduarda89@example.net,2
129,Luiz Otávio Sá,ninarezende@example.org,1
130,Nina Freitas,isabela75@example.org,1
131,Aylla Cirino,lizmartins@example.net,2
132,Benicio Moraes,inovais@example.com,2
133,Giovanna Silva,carvalhoisadora@example.com,3
134,Lorena Andrade,gustavo72@example.com,2
135,Marcos Vinicius Peixoto,azevedomaria-isis@example.net,3
136,Luiz Otávio Cirino,britojulia@example.net,2
137,Heloísa Vargas,vieiraarthur-gabriel@example.com,3
138,Anthony Gomes,kaique69@example.com,2
139,Danilo Vasconcelos,brendaviana@example.net,1
140,Sr. Brayan Teixeira,nicole34@example.com,2
141,Isabel Oliveira,barbara18@example.com,3
142,Cauê Rios,cazevedo@example.org,1
143,Jade Sá,jbarbosa@example.com,3
144,Sr. Vinicius Mendes,camposmaria-julia@example.com,2
145,Evelyn da Rocha,luisa21@example.net,3
146,Bryan das Neves,fernandesandre@example.org,2
147,Dr. Noah Azevedo,luanarios@example.org,3
148,Bruno Novais,laura84@example.net,2
149,Vitor Vieira,davi-lucas73@example.net,2
150,Dr. Thales Martins,hcorreia@example.net,1
151,Théo Silva,clarafreitas@example.net,3
152,Dr. Igor Mendonça,leticia47@example.org,1
153,Dr. André Farias,saluigi@example.net,2
154,Arthur Gonçalves,lsa@example.org,1
155,Theo Marques,sousamaria-alice@example.org,1
156,Yago das Neves,paulo75@example.com,1
157,Ágatha Vasconcelos,murilo28@example.net,3
158,Brenda Lopes,da-motatheo@example.org,2
159,Noah Jesus,cirinoanthony-gabriel@example.net,2
160,Benicio Rios,maiteferreira@example.org,2
161,Otávio Duarte,biancaaraujo@example.org,1
162,Sr. André Andrade,cavalcantimaria-julia@example.com,2
163,Yan Novaes,samathias@example.com,1
164,Dra. Aurora Araújo,esthersouza@example.net,3
165,Sr. Gabriel Nunes,bmoreira@example.org,1
166,Maria Liz Cirino,zsousa@example.org,2
167,Paulo das Neves,almeidaapollo@example.org,1
168,Paulo Leão,qduarte@example.org,2
169,Raquel da Mata,kpires@example.net,2
170,Ana Lívia Guerra,bda-mata@example.org,2
171,Dra. Isadora Porto,ana-lizcavalcante@example.org,2
172,Lucas Pastor,mouralevi@example.com,2
173,Gael Novais,lucas95@example.net,1
174,Bárbara Carvalho,freitasstella@example.net,3
175,Sr. Caleb Machado,calebemachado@example.org,2
176,Sr. Dante Albuquerque,piresnina@example.net,2
177,Davi Miguel Moraes,fariassophia@example.org,1
178,Isabela Cardoso,arthur-miguelfernandes@example.net,1
179,Dante Andrade,sabrina40@example.org,1
180,Beatriz Souza,jose-pedropereira@example.com,3
181,Danilo Sá,maria-lauraborges@example.org,3
182,Sr. Leonardo Melo,ravi-lucca11@example.org,1
183,Nathan Silva,lavinia38@example.com,1
184,Luiz Fernando Cardoso,rcostela@example.org,2
185,Ana Clara da Cunha,davi-luiz51@example.net,3
186,Jade Caldeira,agathaandrade@example.com,3
187,Pedro Lima,ana31@example.com,3
188,Laura Souza,guilhermevieira@example.com,1
189,Maria Vitória Barbosa,emendes@example.org,1
190,Ryan Vieira,da-cunhamaysa@example.net,1
191,Julia Vargas,joselima@example.org,1
192,Ana Carolina Moura,lramos@example.com,2
193,Sra. Carolina Cardoso,paulo11@example.org,3
194,Emanuella Almeida,sophie61@example.com,1
195,Dr. Luiz Gustavo Vieira,henry57@example.org,3
196,Ana Cecília Garcia,luiz-fernandosilveira@example.org,2
197,Ravi Lucca Pinto,gabrielvasconcelos@example.com,2
198,Matteo Santos,garcialuiz-fernando@example.net,1
199,Maria Isis Barros,julianasilveira@example.com,3
200,Luiz Fernando Santos,smoreira@example.org,1
201,Jade Carvalho,caldeirajuan@example.net,2
202,Léo Dias,da-luzlara@example.org,2
203,Alexia da Rocha,peixotomanuela@example.org,1
204,Dante Mendes,kpinto@example.org,2
205,Cecilia Martins,arthur69@example.net,2
206,Alana Mendes,luiz-henrique44@example.org,2
207,Samuel Teixeira,thomasalbuquerque@example.net,3
208,Sr. Kaique Montenegro,augustolopes@example.net,1
209,Dra. Maria Alice Rodrigues,caue99@example.org,2
210,Liz Casa Grande,mcasa-grande@example.com,1
211,Brayan Cirino,ana-liviaduarte@example.org,1
212,Samuel Viana,yuribrito@example.org,1
213,Maria Eduarda da Costa,oliviagarcia@example.com,1
214,Sr. Mathias Souza,laura99@example.org,2
215,Isabelly Machado,hdias@example.com,2
216,Luísa Pires,frocha@example.org,1
217,Lorenzo Casa Grande,juliasa@example.net,1
218,Zoe Borges,ian05@example.net,1
219,Ryan Casa Grande,hpacheco@example.org,2
220,Maria Alice Brito,znascimento@example.com,1
221,Aurora Moraes,dcostela@example.net,2
222,Breno Pinto,davi72@example.org,3
223,Luiz Henrique Machado,vfreitas@example.com,2
224,João Pedro Correia,vasconcelosyan@example.org,2
225,João Lucas Vieira,erick61@example.net,3
226,Sofia das Neves,dante71@example.net,2
227,Dra. Ana Julia Moreira,pedro47@example.net,2
228,Dr. Felipe Barbosa,vieirajose-pedro@example.net,3
229,Maria Clara Mendes,fonsecaluan@example.org,2
230,Sr. Gabriel Costa,anthony-gabrielda-rosa@example.org,2
231,Luara Sá,umacedo@example.com,2
232,Isabel Cassiano,miguelcunha@example.com,3
233,Dra. Isabel Cirino,sabrinaandrade@example.org,3
234,Srta. Alícia Lima,da-pazhenrique@example.org,1
235,Eduarda Vieira,tabreu@example.net,3
236,Isadora da Costa,luiz-felipe11@example.net,2
237,Dr. Mateus Pinto,leticialima@example.com,2
238,Isabela Costela,vitorlopes@example.org,3
239,Dra. Anna Liz Abreu,wsousa@example.net,1
240,Sr. Erick Gonçalves,andremelo@example.com,2
241,Isabel Rios,qmachado@example.org,2
242,Carolina Cavalcante,omendonca@example.com,1
243,Pedro Novais,davi-lucas77@example.com,3
244,Sr. Léo Pastor,benjamim92@example.net,1
245,Bianca Pereira,pcamara@example.net,1
246,Luiz Gustavo Andrade,alana20@example.net,2
247,Mariane Azevedo,fernandesrebeca@example.org,3
248,Ryan Andrade,anna-lizfreitas@example.org,3
249,Lucas Gabriel Vargas,da-conceicaosamuel@example.com,3
250,Ester Alves,maria-luiza27@example.com,1
251,Brenda Ferreira,xbarbosa@example.org,3
252,Nina Vargas,ecassiano@example.net,2
253,Sr. Joaquim da Paz,castromaria-julia@example.com,3
254,Benjamin da Cruz,nascimentomaysa@example.net,3
255,Lavínia Ramos,rduarte@example.com,3
256,Isaac Almeida,sophiegarcia@example.com,1
257,Sarah Novais,henry-gabriel33@example.net,3
258,Igor Pimenta,wmoreira@example.org,1
259,Noah Almeida,fpinto@example.org,1
260,Miguel Sampaio,carvalhojoao-vitor@example.com,1
261,Theo Pastor,vicenteda-luz@example.net,2
262,Murilo Pinto,hadassapastor@example.org,3
263,Eloá da Rocha,joao-felipecavalcante@example.com,3
264,Raul Costela,da-motaluiz-fernando@example.com,1
265,Ana Lívia Peixoto,zcasa-grande@example.com,1
266,Sra. Vitória Mendonça,esther25@example.org,1
267,Vinícius Sá,da-motaamanda@example.org,1
268,Guilherme Sales,kaique33@example.com,2
269,Maria Luiza Gomes,zoecorreia@example.com,3
270,Rebeca Cassiano,dom35@example.com,2
271,Dra. Ana Julia Almeida,marcela12@example.com,2
272,Clara Rios,rodriguesbenicio@example.com,3
273,Maria Laura Cassiano,yuripeixoto@example.com,2
274,Cauã da Cunha,jcamargo@example.com,1
275,Davi Lucca Garcia,antonycasa-grande@example.net,3
276,Alícia Campos,sajoao-pedro@example.net,1
277,Dr. Breno da Paz,jose-pedro87@example.com,3
278,Dr. Lorenzo Novaes,varaujo@example.com,3
279,Sra. Bruna Vargas,riosdavi-lucca@example.org,2
280,Manuella das Neves,sampaiohenry-gabriel@example.com,3
281,Arthur Gabriel Fonseca,arthurbarros@example.net,2
282,Stella Souza,costasara@example.com,2
283,Carolina Teixeira,marcelo72@example.com,1
284,Sr. Nathan Brito,marcela91@example.com,3
285,Henry Aragão,lucas35@example.org,1
286,Antônio Marques,stellacunha@example.org,3
287,Dr. Thiago Abreu,almeidadanilo@example.com,3
288,Dra. Maria Laura Lopes,joaquim69@example.org,2
289,Ana Clara Guerra,ramosmaria-laura@example.com,3
290,Dr. Anthony Gabriel da Rocha,abreucecilia@example.org,3
291,Carolina Ramos,ana-sophia99@example.com,3
292,Samuel Farias,ndas-neves@example.org,1
293,Maria Luiza Mendonça,pastormatheus@example.net,3
294,Caleb Nascimento,manuellavasconcelos@example.org,2
295,Nicole Costa,pereiramaria-flor@example.com,2
296,Bárbara Oliveira,maria-sophia42@example.net,3
297,Maria Julia Cassiano,yasmin76@example.org,2
298,Dra. Mirella Machado,oalbuquerque@example.org,2
299,Valentim Peixoto,thalesmendonca@example.com,1
300,Sophia Porto,gomesisaac@example.org,3
301,Cauã Fonseca,ana47@example.org,1
302,Leonardo Fonseca,ifogaca@example.com,3
303,Srta. Vitória Cavalcante,otto86@example.com,2
304,Emanuel da Mota,leandro57@example.net,1
305,Liam Peixoto,cteixeira@example.org,3
306,Dr. Mateus da Conceição,silveiramilena@example.com,3
307,Isaque Ribeiro,andrealves@example.com,3
308,Sr. Pedro Henrique Correia,milenavieira@example.net,2
309,Eloá Duarte,rodriguesenzo-gabriel@example.org,3
310,Isabelly Dias,vitornunes@example.com,3
311,Melissa Costa,souzaluiz-felipe@example.com,1
312,Enrico Moura,monteiroana-laura@example.net,1
313,Mariah Nogueira,lorenavasconcelos@example.org,1
314,Diogo Costa,ana-claracasa-grande@example.net,2
315,Davi Luiz Caldeira,bruno83@example.net,3
316,Apollo Borges,ncosta@example.com,2
317,Ana Júlia Alves,matteojesus@example.net,1
318,Vinícius da Costa,santosmaria-eduarda@example.com,3
319,Raquel Mendes,felipesales@example.org,1
320,Apollo Novais,novaisstella@example.net,2
321,Yago Souza,cardosobreno@example.com,3
322,Ana Liz Abreu,moreiraemanuelly@example.net,1
323,Heloisa Duarte,cirinobarbara@example.org,3
324,José Pereira,da-rosahenrique@example.com,2
325,Luan Monteiro,teixeiramaria@example.net,2
326,Arthur Rezende,luiz-felipe95@example.org,2
327,Maria das Neves,ifarias@example.com,2
328,Isabelly Peixoto,qpacheco@example.org,3
329,Cecília Azevedo,naragao@example.org,1
330,Davi Luiz Monteiro,da-rochamaria-flor@example.com,2
331,Dante Sales,vitor-hugo96@example.com,1
332,André Barros,da-pazjoaquim@example.com,2
333,Diogo Gomes,elisada-mota@example.org,3
334,Alexandre da Cunha,qnunes@example.org,2
335,Luiz Otávio Vasconcelos,ravy30@example.com,3
336,Allana Alves,luisa08@example.org,2
337,Sr. Rafael Silva,joao23@example.net,3
338,Alícia Duarte,samuel31@example.net,2
339,Milena Nogueira,danielfonseca@example.com,2
340,Otto Cardoso,ealbuquerque@example.org,2
341,Ana Cecília Melo,wvieira@example.com,3
342,Igor Carvalho,camargoalana@example.net,1
343,Luiz Otávio Moreira,allana02@example.org,2
344,Zoe Freitas,albuquerquedanilo@example.org,1
345,Liz Moura,felipe41@example.com,3
346,Maria Júlia Nunes,arthur-miguel16@example.net,2
347,Dra. Antonella Caldeira,jcirino@example.org,3
348,Oliver Gonçalves,manuellada-rocha@example.net,3
349,João Miguel Albuquerque,saravieira@example.com,2
350,Enzo Gabriel Caldeira,dleao@example.net,1
351,Manuela Moraes,eduarda29@example.org,1
352,Srta. Ayla Souza,ana-juliacasa-grande@example.net,2
353,Manuela Moreira,lda-conceicao@example.net,3
354,Dra. Olivia da Cunha,enzo74@example.com,2
355,Erick Pastor,costelajose-miguel@example.com,1
356,Sofia Caldeira,davi-lucasgoncalves@example.org,3
357,Dra. Esther Teixeira,gustavo-henriquemartins@example.org,2
358,Sr. Murilo Novaes,costamanuella@example.net,3
359,João Lucas Mendonça,maria-juliamontenegro@example.org,2
360,Isaac Fonseca,vianaisis@example.com,3
361,Sra. Maria Helena Ribeiro,ana-carolina81@example.com,2
362,Maria Flor Aragão,claracassiano@example.net,2
363,Alexandre Ribeiro,luana16@example.com,1
364,Sara Correia,jnogueira@example.net,2
365,Emanuella da Cunha,breno92@example.com,2
366,Sra. Ísis Sá,teixeiraolivia@example.net,1
367,Benicio Nogueira,ana-livia35@example.org,1
368,Isabella Porto,anacaldeira@example.com,2
369,Zoe da Cunha,ngoncalves@example.org,2
370,Kevin da Paz,vpinto@example.com,3
371,Sr. Murilo Mendonça,franciscocamara@example.net,3
372,Emanuella Fonseca,davi-luizmartins@example.net,2
373,Srta. Cecilia Vasconcelos,anna-liz72@example.com,1
374,Nina Lopes,vieiramaria-fernanda@example.org,3
375,Levi Rodrigues,asafeda-luz@example.net,3
376,Catarina Peixoto,natalia62@example.org,1
377,João Vitor Rezende,carolineferreira@example.net,1
378,Eloá Monteiro,paulo49@example.com,3
379,Clarice Fogaça,beatriz14@example.com,2
380,Sr. Vinícius Casa Grande,moraesmanuella@example.org,2
381,Antony Pires,azevedocaio@example.org,2
382,Bruno Abreu,gabrielly13@example.com,3
383,Valentina Albuquerque,dbarbosa@example.net,1
384,Davi Siqueira,manuelabrito@example.net,1
385,Igor Cavalcanti,raquelvieira@example.net,1
386,Stephany Ramos,clara07@example.net,2
387,Sra. Aurora Gonçalves,costelanoah@example.com,2
388,Matheus da Mata,correialuiz-fernando@example.com,2
389,Srta. Milena Pastor,ana-carolinabrito@example.org,3
390,Ester Guerra,breno16@example.org,3
391,Lucca Pimenta,igor60@example.org,3
392,Henry Gabriel Gonçalves,samuelmartins@example.org,1
393,Kevin da Rocha,martinsmathias@example.com,1
394,Sra. Ayla Farias,heitorvargas@example.net,1
395,Juliana Moraes,kfreitas@example.net,2
396,Maria Eduarda Nunes,britofernando@example.net,2
397,Vitor Hugo Moura,davi70@example.com,3
398,Olivia da Paz,maria-fernanda69@example.net,2
399,Emanuelly Teixeira,gabriela87@example.org,1
400,Joaquim Aparecida,juanvieira@example.com,2
401,Rebeca Campos,olivia03@example.com,3
402,Ana Carolina Guerra,joao-gabriel10@example.net,1
403,Pietro da Rosa,bruno13@example.com,2
404,Gabrielly Rocha,luiz-otavio92@example.net,1
405,Miguel Caldeira,silveirastella@example.net,2
406,Miguel da Cruz,davi-miguelpastor@example.com,2
407,Dr. Pedro Viana,cassianodavi-miguel@example.org,1
408,Liz Mendonça,maria-vitoria68@example.com,3
409,Maria Julia Farias,ana-carolinada-mota@example.com,2
410,Marcela da Costa,julia01@example.net,3
411,Otto Cardoso,diaslucca@example.net,1
412,Sra. Bianca Gonçalves,thomasrodrigues@example.com,3
413,Nina Nascimento,isadorarocha@example.com,1
414,Maria Sophia Araújo,rhavi49@example.com,1
415,Yuri Almeida,larissa18@example.com,2
416,Agatha Gonçalves,josueda-cruz@example.com,2
417,Helena Nogueira,sfarias@example.com,1
418,Dr. Pedro Lucas Borges,samuel42@example.com,1
419,Dra. Ana Liz Abreu,yan36@example.org,1
420,Srta. Gabrielly Pires,benjamin99@example.org,2
421,Augusto da Cruz,castrooliver@example.net,3
422,Caleb Fogaça,ramosrenan@example.com,1
423,Maria Flor das Neves,oliveirafelipe@example.org,1
424,Dr. Oliver Alves,da-matarenan@example.net,3
425,Srta. Sofia Nogueira,lopesapollo@example.org,1
426,Cauã Abreu,mariahrodrigues@example.net,1
427,Beatriz da Cunha,silvamaria-fernanda@example.net,1
428,Sr. Henry Machado,garciafernanda@example.com,1
429,Raquel Moreira,bernardoguerra@example.com,1
430,Léo da Costa,cirinomaria-helena@example.net,1
431,Sr. Matteo Sales,juancamargo@example.com,1
432,Lucas Gabriel Brito,maria-isiscamara@example.org,2
433,Arthur Jesus,azevedonathan@example.com,3
434,Oliver Melo,isouza@example.org,1
435,Enzo Duarte,maria-luisamendonca@example.net,2
436,Pedro Moraes,ppimenta@example.net,2
437,Manuella Porto,emontenegro@example.org,1
438,Stephany Casa Grande,leonardofreitas@example.net,3
439,João Pedro Teixeira,jose-pedropacheco@example.org,2
440,Dra. Sarah Souza,lopesluiza@example.net,2
441,Lorenzo Oliveira,vda-rosa@example.net,3
442,Sarah Melo,isabelamoreira@example.net,1
443,Raquel Ribeiro,novaesmilena@example.com,3
444,Juan Nascimento,samuelribeiro@example.org,1
445,João Guilherme Moraes,carvalhojose-pedro@example.com,1
446,Kevin Aragão,alvesmaria-isis@example.com,3
447,Bruno Oliveira,aragaomathias@example.net,3
448,Sra. Fernanda Alves,ferreiraravi-lucca@example.net,1
449,Clarice Fogaça,ucavalcanti@example.com,3
450,Thomas Oliveira,maria-cecilialopes@example.com,1
451,Thomas Monteiro,salves@example.org,1
452,José Miguel Nogueira,henrique09@example.com,1
453,Juan Barros,samuelgoncalves@example.net,2
454,Agatha Casa Grande,ycamara@example.net,3
455,Manuela Leão,maria-eduarda20@example.com,3
456,Lara Jesus,luiz-fernando37@example.com,2
457,Luiz Felipe Nunes,yago63@example.org,1
458,Caio Pires,mendesvinicius@example.org,3
459,Isabella Rezende,maria-aliceda-mota@example.net,1
460,Eloah Alves,scaldeira@example.com,2
461,Bianca Moura,maria-eduarda03@example.org,2
462,Isis Gomes,ejesus@example.org,1
463,Ana Julia Fernandes,maria-luisacostela@example.net,3
464,Davi Miguel Siqueira,gsantos@example.com,3
465,Felipe Cunha,luiz-felipe53@example.com,3
466,Erick Campos,dom09@example.net,2
467,Emanuella Machado,maria-luiza56@example.net,3
468,Bento Fogaça,josuedias@example.org,2
469,Matteo Montenegro,ffernandes@example.com,1
470,Daniel Pastor,juanlima@example.net,2
471,Antônio Marques,rodrigovargas@example.org,1
472,Ana Carolina Teixeira,ester28@example.org,3
473,José Miguel Sales,aylada-cunha@example.org,1
474,Anthony Martins,maria-isisnascimento@example.net,3
475,Isabelly Sá,sofia64@example.org,3
476,Dr. Francisco Leão,rodrigueshellena@example.net,1
477,Sr. Igor Montenegro,silveiramaria-alice@example.org,3
478,Enzo Caldeira,henrycasa-grande@example.net,2
479,Dr. Luiz Felipe Fonseca,davi-lucas26@example.org,1
480,Vitor Gabriel Sá,nunesfernanda@example.net,3
481,Maria Sophia Pimenta,brenda09@example.com,3
482,Bárbara Vargas,juanteixeira@example.com,1
483,Oliver Moreira,dguerra@example.org,1
484,Calebe Pereira,ravi-luccada-costa@example.com,3
485,Ana Luiza Dias,caldeiraluiza@example.net,3
486,João Pedro Rocha,rafaelmacedo@example.net,3
487,Samuel Barros,siqueiraana-liz@example.com,2
488,Dr. Cauê Silveira,gnunes@example.com,3
489,Leandro da Cruz,valentina54@example.org,3
490,João Novaes,pimentagabrielly@example.com,2
491,Srta. Camila Barros,da-mataallana@example.org,2
492,Luiz Henrique da Rosa,limapietra@example.com,2
493,Sra. Ana Laura Pastor,gnovaes@example.org,2
494,Lucas Gabriel da Costa,mariahdas-neves@example.com,2
495,Maria Flor Moreira,ana-carolinada-conceicao@example.net,2
496,Maria Sophia Martins,zcosta@example.com,3
497,Leandro Cassiano,pintobreno@example.org,3
498,Emanuella Gonçalves,breno01@example.com,3
499,Eduarda Rocha,fsilveira@example.com,2
500,Isadora Alves,eloa71@example.net,3
501,Renan Pimenta,nuneslivia@example.net,1
502,Agatha Gonçalves,apimenta@example.net,3
503,Sr. João Pedro Caldeira,diogo57@example.net,2
504,Marcelo Azevedo,amanda66@example.org,2
505,Leonardo Marques,brayanvasconcelos@example.com,2
506,Ravy Rocha,lorena48@example.com,2
507,Melissa Leão,davi-lucas22@example.com,2
508,Isadora da Mota,jose-pedro44@example.net,1
509,Dr. Nicolas Rezende,rafael03@example.net,3
510,Maria Rodrigues,livia82@example.com,3
511,Theodoro Montenegro,anascimento@example.com,2
512,Léo Abreu,mariah22@example.com,2
513,Aylla Teixeira,lorenzo49@example.net,3
514,Dr. Léo Vargas,emilly66@example.com,2
515,Aylla Lima,theomontenegro@example.net,3
516,Emanuella Silveira,udias@example.net,3
517,Dra. Eduarda das Neves,thiagopeixoto@example.net,1
518,Cauã Teixeira,qcunha@example.net,2
519,Sr. Lorenzo Peixoto,ana-carolina24@example.com,1
520,Bárbara da Rocha,rodriguesleandro@example.com,2
521,Maria Flor Brito,machadocecilia@example.org,1
522,Amanda Cardoso,azevedolivia@example.com,3
523,Henry Gomes,vargascaio@example.com,2
524,Melina Pimenta,luiz-miguel50@example.net,3
525,Ana Vitória Cunha,davi-miguelcastro@example.org,2
526,Theo Campos,lais94@example.org,3
527,Caio Gonçalves,valentimnogueira@example.com,2
528,Guilherme Farias,xcavalcante@example.org,2
529,Vitor Barbosa,luiz-henriquecarvalho@example.com,2
530,André Novaes,oduarte@example.net,2
531,Dr. José Pedro Pimenta,aylla04@example.net,1
532,Alana Gonçalves,monteiroanthony-gabriel@example.net,3
533,Sra. Ana Lívia Melo,sda-luz@example.net,1
534,Dra. Ester Borges,raelandrade@example.com,2
535,Elisa Freitas,ravymendonca@example.net,2
536,Luiz Felipe da Cruz,agathacasa-grande@example.org,2
537,Rafaela Casa Grande,andradeyago@example.com,2
538,Ravi Jesus,rsa@example.net,1
539,Emilly Rodrigues,da-rochaemanuel@example.net,2
540,Raul da Rocha,camaraluara@example.com,1
541,Aurora Sales,isabelaribeiro@example.com,2
542,Isabelly Fogaça,hmoraes@example.org,1
543,Sra. Rafaela Oliveira,efogaca@example.org,1
544,Maria Julia Rios,mirella09@example.com,3
545,Ravi Lucca da Luz,maria-claraporto@example.net,3
546,Matteo Araújo,castrokevin@example.com,2
547,Alexandre Pastor,sampaioana-beatriz@example.org,2
548,Yago Souza,leticia13@example.org,1
549,Lorenzo Novais,moraesisis@example.com,2
550,Heloisa Fonseca,lucas84@example.com,1
551,Noah Cavalcanti,ida-conceicao@example.com,1
552,Kevin da Conceição,maria-fernandaaparecida@example.com,2
553,Renan Silveira,samatheus@example.net,1
554,Manuela Nascimento,pmoura@example.net,1
555,Maria Alice Garcia,pcaldeira@example.org,2
556,Sra. Isabelly Fernandes,pmoreira@example.org,2
557,Juliana Rocha,isadoragarcia@example.net,2
558,Dra. Maria Luiza Siqueira,gustavo-henrique41@example.com,3
559,Augusto Borges,hviana@example.com,3
560,Yan Castro,cfernandes@example.org,3
561,Levi Oliveira,augusto03@example.net,2
562,Henrique Siqueira,isisleao@example.com,1
563,Sofia Machado,lucca58@example.net,2
564,Vinicius Sá,costelaana-carolina@example.org,2
565,João Felipe Pimenta,arthur40@example.com,1
566,André Almeida,sara05@example.org,1
567,Luiz Miguel Abreu,calebe64@example.net,2
568,Luara Caldeira,eduarda27@example.com,2
569,Natália Moraes,ribeirocaroline@example.com,1
570,André Aragão,lunnasiqueira@example.net,1
571,Catarina Viana,qcavalcanti@example.net,1
572,Bianca Nascimento,isaque47@example.com,2
573,Alexia Pastor,paraujo@example.com,1
574,Marina Fonseca,vitor-hugo55@example.com,2
575,Sra. Hadassa Moreira,gsouza@example.com,1
576,Rafael Vargas,da-costayuri@example.net,3
577,Natália Montenegro,monteiroravi-lucca@example.com,2
578,Lavínia Cavalcante,alvestheo@example.net,3
579,Maria Liz Viana,nunesisabela@example.com,2
580,Beatriz Pires,ryanda-mota@example.org,3
581,Allana da Rosa,caua23@example.org,1
582,Joaquim da Paz,mariahfernandes@example.net,2
583,Fernando Sampaio,monteirosarah@example.com,2
584,Luiz Henrique Moraes,ana-juliapereira@example.net,1
585,Daniela Sales,helena47@example.org,3
586,Marcos Vinicius Vargas,benjamim09@example.com,1
587,Maria Flor Vieira,isa@example.com,1
588,Luiz Gustavo Azevedo,oliveiraanna-liz@example.net,1
589,Maria Júlia Montenegro,davi-lucas22@example.com,2
590,Camila Freitas,zfernandes@example.com,1
591,Théo Cavalcante,smendes@example.net,3
592,Amanda da Rosa,guilherme72@example.org,3
593,Brayan Brito,ceciliadas-neves@example.net,3
594,Rebeca Carvalho,manuelaferreira@example.com,2
595,Anthony Gabriel Ferreira,pmelo@example.com,2
596,Heitor Gomes,ualves@example.net,2
597,Letícia Pastor,tsales@example.com,1
598,Olivia Mendonça,vinicius52@example.org,2
599,Caleb Barbosa,rbarros@example.com,1
600,Bento Barros,mcunha@example.com,1
601,Sr. Vicente Marques,fsampaio@example.com,1
602,Gael Melo,guerragustavo@example.org,1
603,Sr. Caleb Siqueira,ocasa-grande@example.org,2
604,Anthony Gabriel Mendes,rezendematheus@example.com,2
605,Mateus Silveira,pedroalves@example.org,2
606,Sr. Thales Lima,cavalcanteleonardo@example.org,1
607,Benjamin Novais,guerrapedro-miguel@example.com,1
608,Marcela Cunha,lopesarthur-miguel@example.net,3
609,Ian da Paz,davi-lucas03@example.org,1
610,Josué Fernandes,anthony-gabrielpinto@example.net,3
611,Henry Gabriel Ribeiro,rmoreira@example.com,1
612,Erick Siqueira,pireskamilly@example.net,3
613,Enzo Silveira,da-luzhenry-gabriel@example.net,2
614,Maria Clara da Mota,cecilia83@example.net,2
615,Thomas Guerra,renan30@example.net,2
616,Anna Liz Freitas,mcorreia@example.net,1
617,Nicole Carvalho,bferreira@example.org,1
618,Liam da Rocha,jborges@example.org,3
619,Raul Borges,vcavalcante@example.org,2
620,Ayla Gonçalves,ovargas@example.net,1
621,Heloísa Dias,diogoda-mata@example.org,2
622,Bianca Aragão,luanacarvalho@example.com,3
623,Gael da Mata,hadassada-mata@example.org,3
624,Dr. Cauã Freitas,pda-mota@example.com,2
625,Sr. Carlos Eduardo Cardoso,joanarios@example.org,3
626,Dr. Ryan da Cruz,ana-livia92@example.net,2
627,Dr. Gabriel Barbosa,raquel15@example.net,3
628,Enzo Gabriel Albuquerque,ian35@example.net,2
629,Milena Rios,rael23@example.org,1
630,Joaquim Pires,noliveira@example.com,3
631,Sr. Gabriel Lopes,casa-grandelais@example.com,1
632,Enrico Aragão,lmachado@example.net,1
633,Davi Lucas Brito,luarajesus@example.net,3
634,Ísis Rezende,nvieira@example.net,1
635,Brenda Silveira,kevinoliveira@example.net,1
636,Agatha Pinto,tcosta@example.com,3
637,Sra. Isabella Lima,enzo06@example.org,3
638,Ágatha Aragão,luna73@example.com,1
639,Antônio Sousa,ycostela@example.com,3
640,Pedro Henrique das Neves,cecilia92@example.net,2
641,Gabriel Farias,vpimenta@example.net,2
642,Dr. Vitor Hugo Porto,lara66@example.com,3
643,Maria Julia Pacheco,ana-liviabrito@example.com,1
644,Camila Souza,renanandrade@example.net,1
645,Pietro Ramos,opinto@example.net,1
646,José Miguel Almeida,cbarros@example.com,2
647,Bento Andrade,laissilveira@example.net,2
648,Apollo Cavalcanti,mathiasnovais@example.net,3
649,Dr. Antônio Fernandes,gda-rocha@example.net,2
650,Dante Silva,ana-clara39@example.org,1
651,Leonardo Pastor,daniel66@example.com,3
652,Ian Borges,esterfreitas@example.com,1
653,Srta. Evelyn Caldeira,theo42@example.net,3
654,Ana Luiza Fernandes,joaquim85@example.net,2
655,Maria Vitória Borges,aragaoagatha@example.org,1
656,Sr. Theodoro Fernandes,maria-eduarda91@example.org,3
657,Dr. José Miguel Mendes,gabriellynogueira@example.org,2
658,Arthur Lima,isisfarias@example.net,1
659,Sophie Porto,jade55@example.com,3
660,Luara Garcia,da-luzrhavi@example.net,1
661,José da Cruz,vicente42@example.net,1
662,Elisa Ramos,borgesapollo@example.net,2
663,Srta. Laís Martins,das-nevesthomas@example.net,1
664,Dra. Mirella Macedo,bda-rocha@example.net,1
665,Sr. Vinícius Cunha,davi-lucascaldeira@example.org,3
666,Mariana da Rocha,luiz-gustavopastor@example.org,2
667,Antônio Martins,fsiqueira@example.net,3
668,Zoe Cirino,viniciusdas-neves@example.org,3
669,Maria Fernanda Monteiro,ianbarros@example.org,1
670,Isadora Souza,joao-pedro05@example.com,1
671,Vitor Nogueira,levivasconcelos@example.org,2
672,Emanuella Rocha,isilva@example.org,1
673,Ana Beatriz Mendonça,apollo43@example.com,1
674,Ravy Correia,zaraujo@example.com,3
675,Marina Silveira,brenomendonca@example.com,1
676,Luigi Melo,mnovaes@example.com,3
677,Emanuella Ferreira,ucardoso@example.com,2
678,Apollo Teixeira,agatha95@example.net,2
679,Maria Helena Pinto,maria-alice77@example.org,1
680,Oliver Borges,vicente31@example.net,3
681,Sr. Léo Oliveira,helena90@example.org,3
682,Amanda Sá,vmarques@example.com,2
683,Isabela Barbosa,jaderocha@example.org,3
684,Nicole Monteiro,jade33@example.org,1
685,Samuel Pires,eduarda91@example.net,3
686,Liz da Cunha,carlos-eduardo56@example.net,3
687,Anthony Gabriel Costela,vleao@example.org,1
688,Dom Machado,felipeviana@example.com,3
689,Léo Rodrigues,rebecasampaio@example.org,1
690,Dra. Jade Andrade,manuellanovais@example.net,3
691,Vitor Hugo Borges,pcardoso@example.org,1
692,Dra. Allana Freitas,correialuiz-felipe@example.com,2
693,Arthur Gabriel Teixeira,carvalhoemanuelly@example.net,3
694,Ágatha Ferreira,ccardoso@example.org,3
695,Léo Dias,sophiarezende@example.org,3
696,Sr. Marcelo Freitas,martinscalebe@example.com,1
697,Maria Luísa Porto,araujohenry-gabriel@example.net,1
698,Ayla Fernandes,yaraujo@example.org,2
699,Nicolas Garcia,aylasilveira@example.org,1
700,João Felipe Machado,esthervasconcelos@example.net,3
701,Sophie Lopes,cassianovalentina@example.net,2
702,Ísis Campos,carlos-eduardo14@example.org,1
703,Benicio Ferreira,novaesana-beatriz@example.org,1
704,Dom Nogueira,uda-cruz@example.com,3
705,Dra. Maria Luiza Cavalcanti,moreiraluiz-felipe@example.com,1
706,Kaique Pereira,davi-miguel61@example.com,3
707,Manuela Viana,enzo25@example.com,3
708,Dra. Isabela Ramos,maria-fernanda08@example.net,1
709,Vitória Almeida,zpeixoto@example.com,1
710,Dr. João Borges,rebeca09@example.com,2
711,Amanda Nunes,pcampos@example.com,1
712,Lucas Gabriel Ferreira,isabella08@example.net,2
713,Larissa Nascimento,yago32@example.com,3
714,Samuel Marques,gael36@example.org,2
715,Jade Castro,da-pazlucas-gabriel@example.org,3
716,Vicente Carvalho,isabela69@example.com,3
717,Samuel Vieira,bernardo55@example.net,2
718,Lara Nunes,caldeirasophia@example.com,2
719,Isabelly Vieira,maria-sophia99@example.com,3
720,Lucca Campos,murilo83@example.net,2
721,Ísis Gonçalves,lopesmaria-liz@example.org,3
722,Ravi Lucca Porto,caue82@example.net,1
723,Natália Nunes,fernandesluana@example.com,2
724,Sr. Rael Vieira,caleb54@example.com,2
725,Joana Caldeira,emanuel38@example.net,1
726,Sra. Mariah Oliveira,scamargo@example.net,1
727,Maria Júlia Novaes,bsampaio@example.net,3
728,Carlos Eduardo Nogueira,josuesilva@example.com,2
729,José Fernandes,jadeda-conceicao@example.com,2
730,Isaac Costa,cavalcantidiogo@example.net,2
731,Emanuel Carvalho,laismoreira@example.org,3
732,Liz Nunes,pda-costa@example.net,1
733,Milena da Conceição,srezende@example.org,3
734,Joana da Mata,castrodante@example.net,1
735,Anthony Gabriel Moura,nmartins@example.com,1
736,Henrique Ribeiro,pietracorreia@example.net,3
737,Rebeca Farias,kabreu@example.com,1
738,Sra. Elisa Guerra,gaelcostela@example.net,3
739,Dra. Liz Moreira,jose70@example.net,3
740,Ana Julia Brito,marcos-vinicius77@example.org,2
741,Melina Aragão,pimentacatarina@example.net,3
742,Alícia Brito,livianovaes@example.org,3
743,Dra. Mariah Carvalho,caldeiranina@example.com,1
744,Isaac Marques,cardosostephany@example.net,1
745,Gabriela Rocha,rpimenta@example.com,2
746,Ágatha Moreira,murilomontenegro@example.org,3
747,Yuri Fogaça,enrico95@example.org,1
748,Sophie Andrade,daniel13@example.net,1
749,Francisco Pereira,melissa12@example.com,1
750,Arthur Abreu,oliviamachado@example.com,1
751,Luiz Miguel Silveira,henry-gabriel08@example.org,1
752,Dr. Nicolas Fogaça,mendesigor@example.net,3
753,Pedro Martins,mgarcia@example.net,3
754,Rael Brito,ileao@example.org,1
755,Augusto Brito,jpimenta@example.org,2
756,Dr. Gabriel da Mota,pirespaulo@example.org,3
757,Helena da Mata,yfernandes@example.net,2
758,Pietra Cirino,sfarias@example.com,2
759,José Costela,tmachado@example.org,1
760,Thales Novais,viniciusferreira@example.org,1
761,Bento da Mota,wcamara@example.net,1
762,Rebeca Porto,ravi-luccasiqueira@example.com,1
763,Heloísa Pacheco,igorfogaca@example.net,3
764,Rhavi Sales,ypinto@example.com,1
765,Dra. Amanda Costela,caldeiraarthur@example.net,3
766,Cecília Caldeira,yasmin18@example.org,3
767,Allana Teixeira,fda-paz@example.org,1
768,Dr. Mateus Gonçalves,nda-cunha@example.net,2
769,Ana Liz Vargas,almeidaarthur@example.org,3
770,Ana Vitória Fonseca,pedroribeiro@example.net,2
771,Rhavi Rezende,aragaonicole@example.com,1
772,Felipe Pastor,allana57@example.org,3
773,Maria Isis Pacheco,ana-cecilia97@example.com,3
774,Antônio da Mata,benjaminalves@example.org,1
775,Thomas Brito,gael-henrique82@example.com,2
776,Ana Liz Ribeiro,castromaria-alice@example.com,3
777,Vicente Souza,luiz-henrique71@example.org,2
778,Ayla Souza,moreiraheloisa@example.org,1
779,Davi Lucas Gonçalves,maria-juliaaraujo@example.com,2
780,Ravy Dias,lmonteiro@example.com,1
781,Dr. Heitor Novaes,juliacosta@example.org,2
782,Ayla Machado,omonteiro@example.com,2
783,Marcos Vinicius Pastor,goncalvesmaria-julia@example.net,1
784,João Lucas Garcia,ypeixoto@example.net,2
785,Pietro Pereira,mateusrios@example.com,2
786,Evelyn Peixoto,aparecidaleo@example.com,2
787,Dr. Davi Lucas Pastor,thales36@example.org,2
788,Erick Casa Grande,davinascimento@example.org,3
789,Sr. Kaique Teixeira,olivia37@example.net,2
790,Dra. Ana Júlia Andrade,ocassiano@example.com,3
791,Dr. Dom Lima,josue90@example.net,1
792,Natália da Conceição,fernandesluisa@example.com,1
793,Mateus da Mota,julianada-cunha@example.org,2
794,Eduardo Campos,pteixeira@example.com,2
795,Davi Lucca Almeida,ianmendes@example.net,1
796,Marcelo Pimenta,noahsa@example.net,1
797,Alana Gomes,qmachado@example.com,1
798,Otto da Cunha,camargoaugusto@example.net,3
799,Dante Azevedo,joao-miguel19@example.org,1
800,Leonardo Barros,upires@example.net,3
801,Sofia Carvalho,apollo87@example.net,1
802,Esther da Costa,luiz-felipegomes@example.net,3
803,Bella Sá,bryan23@example.com,2
804,Maria Flor Jesus,diego81@example.org,3
805,Nathan Correia,brenolima@example.net,2
806,Sra. Yasmin Rocha,caio93@example.com,1
807,Mariah Camargo,rduarte@example.org,3
808,Antônio Novais,lizrodrigues@example.com,1
809,Enzo da Rosa,cramos@example.org,3
810,Kaique Guerra,da-cunhahenry@example.org,2
811,Srta. Bárbara Lima,joao-pedrobrito@example.org,1
812,Isabela Fonseca,mayaramos@example.com,2
813,Ana Lívia Câmara,vda-mata@example.com,1
814,Heloisa Albuquerque,marcos-vinicius12@example.org,1
815,Stella Gonçalves,joao-miguel85@example.net,1
816,Igor Sá,bfreitas@example.com,3
817,Maria Sophia Novais,lopesapollo@example.net,2
818,Arthur Miguel Mendes,hellena40@example.net,1
819,Anna Liz da Cruz,leonardoalves@example.net,2
820,Srta. Maria Helena da Mata,das-nevesvitor-gabriel@example.org,1
821,Thales Vieira,luigi01@example.com,1
822,Bruna Vasconcelos,britoalexia@example.org,1
823,Théo Correia,martinseduarda@example.org,1
824,Emanuel Duarte,pcavalcanti@example.com,3
825,Bianca Rocha,ayllaandrade@example.org,2
826,Pedro Henrique da Cunha,novaesjuliana@example.com,3
827,Luiz Otávio das Neves,guerrahenrique@example.com,3
828,Sara Abreu,barbosarafaela@example.net,1
829,Davi Lucca Pires,moraesjoao-gabriel@example.org,3
830,Brayan Moreira,imendonca@example.net,3
831,Aurora Duarte,luara65@example.net,1
832,Vicente Garcia,pietramelo@example.net,2
833,Isabela Dias,melinamachado@example.org,2
834,Dra. Ana Julia Pastor,aparecidaotto@example.com,3
835,Jade da Cruz,davi-luccapereira@example.org,3
836,Joaquim Siqueira,xcorreia@example.com,3
837,Joaquim Carvalho,tlima@example.net,3
838,Bárbara Silva,rhavi85@example.net,3
839,Srta. Isadora Rocha,luiz-fernandoazevedo@example.net,2
840,Pedro Sousa,jrodrigues@example.org,1
841,Sofia Moura,uporto@example.org,1
842,Emanuelly Câmara,tfonseca@example.org,2
843,Ana Vitória Barros,cda-mota@example.net,1
844,Anthony Melo,qrocha@example.org,2
845,Josué Freitas,anthony04@example.com,3
846,Josué Ferreira,cpastor@example.net,1
847,Gustavo Aragão,mleao@example.org,2
848,Luan Nogueira,joao-guilhermenogueira@example.com,3
849,Théo Cirino,camposallana@example.org,1
850,Srta. Maria Sophia Machado,brayan32@example.com,2
851,Camila Rios,yuripastor@example.com,1
852,Otto Fogaça,kda-luz@example.com,2
853,Isabela Melo,vasconcelosrodrigo@example.net,2
854,Dr. Calebe Rocha,isouza@example.com,1
855,Ryan Costela,heitormoraes@example.org,1
856,Maria Vitória Pires,qcassiano@example.net,2
857,Nicole da Mota,britoheitor@example.net,3
858,Ana Laura Casa Grande,vieirarafael@example.org,3
859,Otto Cirino,jmelo@example.com,3
860,Amanda Pastor,otaviodas-neves@example.org,3
861,Isabela Rocha,nmoura@example.com,1
862,Sr. Paulo Moraes,amartins@example.net,1
863,Fernando Pereira,das-nevesjosue@example.com,2
864,Maria Sophia Rodrigues,kaique80@example.org,3
865,Sr. Antony Melo,da-rochamarcela@example.net,3
866,Igor Gonçalves,vda-mata@example.org,2
867,Erick Sá,barbarapacheco@example.org,1
868,Ana Cecília da Cunha,ayla86@example.com,2
869,Benjamim Ramos,bdas-neves@example.org,1
870,Ian Vieira,leaoryan@example.com,1
871,Diego Ribeiro,garciajoao@example.net,2
872,Ana Oliveira,kcorreia@example.org,1
873,Dra. Luiza Camargo,jesusdaniel@example.org,1
874,Ana Julia Correia,icaldeira@example.org,2
875,Dra. Cecília Pastor,valentina49@example.org,3
876,Cauê Castro,ribeironoah@example.net,2
877,Isabela Lopes,acostela@example.com,3
878,Maria Liz Pires,kmonteiro@example.org,1
879,Allana Martins,glima@example.org,1
880,Lorena Gomes,dante40@example.org,2
881,João Guilherme Casa Grande,machadorafaela@example.net,2
882,Asafe Fonseca,caldeirajoaquim@example.com,3
883,Maria Flor da Cunha,gsantos@example.org,1
884,Pietro Sousa,sampaioaugusto@example.com,2
885,Brenda da Rocha,maria-lauramonteiro@example.org,1
886,Thales Borges,helena66@example.org,1
887,Mirella Macedo,silvacaue@example.com,2
888,Enrico Almeida,sarah51@example.org,3
889,Alexandre Pacheco,wleao@example.com,3
890,Emanuel Monteiro,yazevedo@example.net,3
891,Dr. Gabriel Dias,daniel09@example.net,1
892,Luna Andrade,lopesantonella@example.com,1
893,João Gabriel Pereira,gabrielly97@example.com,3
894,Maria Helena Costa,kaique03@example.net,1
895,Davi Lucas Campos,vinicius85@example.net,3
896,Paulo Nunes,maria-isisporto@example.net,3
897,Yasmin Pinto,jrezende@example.org,3
898,Dra. Luiza Cassiano,cardososabrina@example.org,1
899,Ravi Lucca Vasconcelos,henry66@example.com,1
900,Nina Carvalho,emanuella27@example.net,1
901,Augusto da Rocha,benjamin08@example.net,1
902,Beatriz Ramos,jose-pedrolima@example.org,1
903,Srta. Camila Melo,isaacaraujo@example.com,3
904,Srta. Ester Camargo,maria-eduarda72@example.com,1
905,Esther das Neves,xcasa-grande@example.com,3
906,Enrico Sales,larissapinto@example.net,3
907,Henry Gabriel Vargas,pastormirella@example.org,1
908,Vinícius Sousa,uguerra@example.org,2
909,Sr. Lucas Gabriel Costela,ucunha@example.net,2
910,Mateus Brito,barbosacecilia@example.org,3
911,Bernardo Ribeiro,asafemonteiro@example.net,3
912,Alícia Sales,gael-henriqueborges@example.net,3
913,Sr. Ryan Vieira,pachecomaysa@example.com,2
914,Thomas Moraes,riosheloisa@example.com,2
915,Laís Camargo,maria-ceciliacardoso@example.net,2
916,Mateus da Rosa,maria-luiza49@example.net,2
917,Ana Vitória da Mota,lleao@example.net,2
918,Ester Nunes,muriloaragao@example.com,1
919,Dr. Bruno da Rosa,qcaldeira@example.org,2
920,Luísa Barbosa,da-rochabella@example.com,3
921,Maitê Barbosa,camposjose-miguel@example.org,3
922,Melina Nunes,ravi-lucca02@example.net,1
923,Sr. Gabriel Dias,emanuelrios@example.org,1
924,Maria Luiza Duarte,msilva@example.org,3
925,Maria Sophia da Mota,caroline24@example.org,1
926,João da Luz,fmoreira@example.net,3
927,Laura Abreu,luana50@example.com,3
928,Alexandre Rodrigues,gael-henriqueporto@example.net,2
929,Igor Martins,uabreu@example.net,1
930,Dr. Matteo Pires,gsales@example.org,2
931,Zoe Barros,bryan13@example.net,1
932,Luana Pereira,vinicius39@example.net,2
933,Ana Rocha,asafepimenta@example.com,3
934,Dr. Davi Miguel Garcia,gabrielly71@example.org,3
935,Otávio Pastor,nataliacarvalho@example.org,3
936,Rebeca Carvalho,ipires@example.org,3
937,Luiz Gustavo Lopes,oliver62@example.net,2
938,Letícia Rodrigues,marcos-viniciusdias@example.com,3
939,Clarice Novais,miguel24@example.net,1
940,Letícia Novaes,qsousa@example.net,1
941,Vicente Albuquerque,calebebarbosa@example.com,2
942,Ana Beatriz da Cruz,ymontenegro@example.org,1
943,Larissa Albuquerque,alice86@example.com,3
944,Zoe Santos,kandrade@example.net,1
945,Beatriz Aragão,mmachado@example.com,3
946,Ravy Almeida,jpacheco@example.com,1
947,Sra. Evelyn da Cunha,maysa31@example.net,3
948,João Gabriel Machado,jfonseca@example.com,2
949,Sra. Nicole Vargas,carolina84@example.org,2
950,Srta. Marcela Fogaça,erick44@example.net,2
951,Giovanna Araújo,isabela75@example.org,2
952,Renan Sampaio,ppeixoto@example.org,3
953,Dra. Bianca Cunha,benicioazevedo@example.org,2
954,João Gabriel Teixeira,umartins@example.org,1
955,Rafael Silva,ana-vitoria94@example.com,1
956,Léo da Mota,tpacheco@example.com,1
957,Catarina Rodrigues,yanpinto@example.net,3
958,Dra. Ester Aragão,carvalhodanilo@example.org,3
959,Anthony Gabriel Camargo,gbrito@example.net,1
960,Diogo Cavalcante,yan32@example.org,1
961,Gabriela Marques,liz59@example.net,3
962,Clarice Siqueira,salesmaria-fernanda@example.net,2
963,Maria Luísa da Costa,valentimbarros@example.com,1
964,Dra. Camila Jesus,ucirino@example.com,1
965,Nicole Cardoso,vianacatarina@example.org,2
966,Pedro Porto,da-cruzvinicius@example.net,3
967,Sra. Isabela da Cunha,gdias@example.com,1
968,Pedro Henrique Marques,noah72@example.org,3
969,Lorenzo Sales,borgesantony@example.net,2
970,Luísa Duarte,ffernandes@example.org,3
971,Antony Caldeira,da-matapedro-lucas@example.com,3
972,Antony Montenegro,eda-paz@example.org,2
973,Antonella Borges,paulo48@example.net,2
974,Ana Beatriz Rocha,castrojoao-felipe@example.com,1
975,Emilly Azevedo,fernandoalves@example.org,1
976,Vitor Pimenta,hvasconcelos@example.net,1
977,João Vitor Jesus,elisapastor@example.net,2
978,Danilo Barros,luiz-gustavo64@example.com,3
979,Kaique Cirino,kmoreira@example.org,1
980,Sra. Yasmin da Luz,ana-beatrizfonseca@example.com,3
981,Manuella Oliveira,pietra38@example.com,1
982,Bento Garcia,goncalvesthiago@example.com,1
983,Pedro Henrique Novais,pietrorodrigues@example.org,3
984,Elisa Campos,vitor-hugorezende@example.org,1
985,Melissa Souza,lopesbryan@example.com,3
986,Sr. Davi Lucca Cirino,vieiraana-luiza@example.net,3
987,Alice Guerra,lorena85@example.com,3
988,Nathan Fernandes,sofiapacheco@example.org,1
989,Hadassa Gomes,calebepires@example.org,1
990,Amanda da Mota,jesusbryan@example.com,2
991,Nathan Cardoso,otaviofreitas@example.com,1
992,Pedro Miguel Vasconcelos,caldeiraeloa@example.org,1
993,Bianca Cassiano,alanacamara@example.org,3
994,Ester Nunes,da-conceicaocamila@example.net,3
995,João Gabriel Fonseca,beniciogomes@example.net,3
996,Sr. Cauê Porto,grios@example.org,3
997,Sr. Arthur Miguel Rios,caldeirasofia@example.net,3
998,Srta. Fernanda da Conceição,saleshenry@example.org,3
999,Srta. Cecilia Barbosa,costamathias@example.net,2
1000,Joana Gonçalves,alicefreitas@example.net,1
